{"scopes": ["https://www.googleapis.com/auth/youtube.force-ssl"], "client_id": "518513510656-6c1kjfcctiqpj65nab1ba4mr5mjhj1jg.apps.googleusercontent.com", "token_uri": "https://accounts.google.com/o/oauth2/token", "token_expiry": "time_curr", "client_secret": "NTy966jpbkL5MwAz4e5v78RK", "token_response": {"token_type": "Bearer", "expires_in": 3600, "access_token": "ya29.Glz5BKS8TqBmffRnAPBEYQCCqaKRlZWztSUj9xEfVltJne-Kzs461QTiH7ad6gJfQRi3KuFW_Rs_9amph9_4RilPdHg8em48qzuyAg43X59NIQjxXDcwR_oesr2sGA"}, "access_token": "ya29.Glz5BKS8TqBmffRnAPBEYQCCqaKRlZWztSUj9xEfVltJne-Kzs461QTiH7ad6gJfQRi3KuFW_Rs_9amph9_4RilPdHg8em48qzuyAg43X59NIQjxXDcwR_oesr2sGA", "refresh_token": null, "invalid": false, "_class": "OAuth2Credentials", "token_info_uri": "https://www.googleapis.com/oauth2/v3/tokeninfo", "_module": "oauth2client.client", "id_token_jwt": null, "revoke_uri": "https://accounts.google.com/o/oauth2/revoke", "user_agent": null, "id_token": null}