{"token_expiry": "2017-11-03T10:40:08Z", "client_id": "518513510656-6c1kjfcctiqpj65nab1ba4mr5mjhj1jg.apps.googleusercontent.com", "id_token": null, "token_uri": "https://accounts.google.com/o/oauth2/token", "id_token_jwt": null, "client_secret": "NTy966jpbkL5MwAz4e5v78RK", "access_token": "ya29.Glz4BNj5zwVouQuSi-cCl05gSG2NJgrhc9-ChSNEycr01_1uhYwiAOAx8gyKki0qOPqx01tQnQoeW_JfkdYreLspgRQhwGZnGvSj_09ApmgLgtD0BxOPv4kh1reXtQ", "token_info_uri": "https://www.googleapis.com/oauth2/v3/tokeninfo", "refresh_token": null, "_module": "oauth2client.client", "token_response": {"expires_in": 3600, "token_type": "Bearer", "access_token": "ya29.Glz4BNj5zwVouQuSi-cCl05gSG2NJgrhc9-ChSNEycr01_1uhYwiAOAx8gyKki0qOPqx01tQnQoeW_JfkdYreLspgRQhwGZnGvSj_09ApmgLgtD0BxOPv4kh1reXtQ"}, "scopes": ["https://www.googleapis.com/auth/youtube.force-ssl"], "user_agent": null, "invalid": false, "_class": "OAuth2Credentials", "revoke_uri": "https://accounts.google.com/o/oauth2/revoke"}