{"scopes": ["https://www.googleapis.com/auth/youtube.force-ssl"], "token_uri": "https://accounts.google.com/o/oauth2/token", "id_token": null, "token_info_uri": "https://www.googleapis.com/oauth2/v3/tokeninfo", "_class": "OAuth2Credentials", "token_expiry": "2017-11-03T11:58:18Z", "client_id": "518513510656-6c1kjfcctiqpj65nab1ba4mr5mjhj1jg.apps.googleusercontent.com", "revoke_uri": "https://accounts.google.com/o/oauth2/revoke", "user_agent": null, "_module": "oauth2client.client", "access_token": "ya29.Glv4BAc-vYcTgwPW3z5J0M1zjdhm_unFYgLs0nqtGONHs9kHZNK3RRI-YcfL7JZAKV1xDA-B195VHfa062J3N_iSNKEXT2QzcQ8QmpZb9cESjmOjAud6k2Fk-rLc", "refresh_token": null, "id_token_jwt": null, "client_secret": "NTy966jpbkL5MwAz4e5v78RK", "invalid": false, "token_response": {"access_token": "ya29.Glv4BAc-vYcTgwPW3z5J0M1zjdhm_unFYgLs0nqtGONHs9kHZNK3RRI-YcfL7JZAKV1xDA-B195VHfa062J3N_iSNKEXT2QzcQ8QmpZb9cESjmOjAud6k2Fk-rLc", "token_type": "Bearer", "expires_in": 3599}}